{
    "name": "onlinePlayer2",
    "pos": {
        "x": 0,
        "y": 200
    },
    "speed": {
        "x": 80,
        "y": 80
    },
    "velocity": {
        "x": 0,
        "y": 0
    },
    "onlinePlayer": true,
    "sprite": {
        "src": "images/player_spaceships.png",
        "layer": 1,
        "dim": {
            "x": 66,
            "y": 34
        },
        "nbSprite": {
            "x": 5,
            "y": 5
        },
        "index": {
            "x": 0,
            "y": 2
        }
    },
    "collider": {
        "layer": 0,
        "collidingLayers": [1, 2, 3],
        "offset": {
            "x" : 0,
            "y" : 0
        },
        "dim": {
            "x": 66,
            "y": 34
        },
        "trigger" : false
    },
    "animations": {
        "anim1": {
            "name": "moveRight",
            "loop": true,
            "startIndex": 0,
            "endIndex": 0,
            "startY": 2,
            "speed": 1
        },
        "anim2": {
            "name": "shoot",
            "loop": false,
            "startIndex": 0,
            "endIndex": 3,
            "speed": 0.1,
            "startY": 2,
            "nextAnim": "moveRight"
        }
    }
}