{
    "name": "bossBullet",
    "pos": {
        "x": 200,
        "y": 230
    },
    "speed": {
        "x": 200,
        "y": 200
    },
    "velocity": {
        "x": -1,
        "y": 0
    },
    "sprite": {
        "src": "images/boss_bullet.png",
        "layer": 2,
        "dim": {
            "x": 44,
            "y": 44
        },
        "nbSprite": {
            "x": 4,
            "y": 1
        },
        "index": {
            "x": 0,
            "y": 0
        }
    },
    "collider": {
        "layer": 1,
        "collidingLayers": [0, 1, 3],
        "offset": {
            "x" : 0,
            "y" : 0
        },
        "dim": {
            "x": 44,
            "y": 44
        },
        "trigger": true
    },
    "damage": {
        "value": 1,
        "destroyOnCollide": true
    },
    "animations": {
        "anim1": {
            "name": "idle",
            "loop": true,
            "startIndex": 0,
            "endIndex": 3,
            "speed": 0.2
        }
    }
}