{
    "name": "bullet",
    "pos": {
        "x": 30,
        "y": 10
    },
    "speed": {
        "x": 200,
        "y": 200
    },
    "velocity": {
        "x": 1,
        "y": 0
    },
    "sprite": {
        "src": "images/player_bullet.png",
        "layer": 2,
        "dim": {
            "x": 32,
            "y": 32
        },
        "nbSprite": {
            "x": 3,
            "y": 1
        },
        "index": {
            "x": 2,
            "y": 0
        }
    },
    "collider": {
        "layer": 1,
        "collidingLayers": [0, 1, 2, 3],
        "offset": {
            "x" : 0,
            "y" : 0
        },
        "dim": {
            "x": 32,
            "y": 32
        },
        "trigger": true
    },
    "damage": {
        "value": 1,
        "destroyOnCollide": true
    },
    "animations": {
        "anim1": {
            "name": "shoot",
            "loop": false,
            "startIndex": 0,
            "endIndex": 2,
            "speed": 0.1,
            "nextAnim": "idle"
        },
        "anim2": {
            "name": "idle",
            "loop": true,
            "startIndex": 2,
            "endIndex": 2,
            "speed": 1
        }
    }
}