{
    "name": "bulletExplosion",
    "pos": {
        "x": 0,
        "y": 0
    },
    "sprite": {
        "src": "images/bullet_explosion.png",
        "layer": 2,
        "dim": {
            "x": 32,
            "y": 32
        },
        "nbSprite": {
            "x": 13,
            "y": 1
        },
        "index": {
            "x": 0,
            "y": 0
        }
    },
    "animations": {
        "anim1": {
            "name": "explosion",
            "loop": false,
            "startIndex": 0,
            "endIndex": 12,
            "speed": 0.02,
            "nextAnim": "idle",
            "destroyAfterPlaying": true
        },
        "anim2": {
            "name": "idle",
            "loop": true,
            "startIndex": 12,
            "endIndex": 12,
            "speed": 1
        }
    }
}