{
    "name": "enemyRobot",
    "pos": {
        "x": 900,
        "y": 400
    },
    "speed": {
        "x": 80,
        "y": 80
    },
    "velocity": {
        "x": 0,
        "y": 0
    },
    "sprite": {
        "src": "images/big_enemy_white_robot.png",
        "layer": 1,
        "dim": {
            "x": 112,
            "y": 112
        },
        "nbSprite": {
            "x": 3,
            "y": 1
        },
        "index": {
            "x": 0,
            "y": 0
        }
    },
    "collider": {
        "layer": 2,
        "collidingLayers": [0, 1],
        "offset": {
            "x" : 5,
            "y" : 5
        },
        "dim": {
            "x": 112,
            "y": 112
        },
        "trigger": true
    },
    "health": {
        "value": 3
    },
    "damage": {
        "value": 1,
        "destroyOnCollide": false
    },
    "enemy": "assets/objects/data/enemyRobotData.json",
    "animations": {
        "anim1": {
            "name": "moveLeft",
            "loop": true,
            "startIndex": 0,
            "endIndex": 0,
            "speed": 1
        },
        "anim2": {
            "name": "shoot",
            "loop": false,
            "startIndex": 1,
            "endIndex": 2,
            "speed": 0.3,
            "nextAnim": "moveLeft"
        }
    }
}