{
    "name": "enemyBoss",
    "pos": {
        "x": 800,
        "y": 200
    },
    "speed": {
        "x": 80,
        "y": 80
    },
    "velocity": {
        "x": 0,
        "y": 0
    },
    "sprite": {
        "src": "images/boss_enemy.png",
        "layer": 1,
        "dim": {
            "x": 432,
            "y": 432
        },
        "nbSprite": {
            "x": 4,
            "y": 1
        },
        "index": {
            "x": 0,
            "y": 0
        }
    },
    "collider": {
        "layer": 2,
        "collidingLayers": [0, 1],
        "offset": {
            "x" : 216,
            "y" : 0
        },
        "dim": {
            "x": 180,
            "y": 432
        },
        "trigger": true
    },
    "health": {
        "value": 50
    },
    "damage": {
        "value": 1,
        "destroyOnCollide": false
    },
    "enemy": "assets/objects/data/enemyBossData.json",
    "animations": {
        "anim1": {
            "name": "hover",
            "loop": true,
            "startIndex": 0,
            "endIndex": 3,
            "speed": 0.2
        }
    }
}