{
    "name": "bullet",
    "pos": {
        "x": 0,
        "y": 42
    },
    "speed": {
        "x": 200,
        "y": 200
    },
    "velocity": {
        "x": -1,
        "y": 0
    },
    "sprite": {
        "src": "images/enemy_bullet2.png",
        "layer": 2,
        "dim": {
            "x": 64,
            "y": 16
        },
        "nbSprite": {
            "x": 3,
            "y": 1
        },
        "index": {
            "x": 0,
            "y": 0
        }
    },
    "collider": {
        "layer": 1,
        "collidingLayers": [0, 1, 3],
        "offset": {
            "x" : 0,
            "y" : 0
        },
        "dim": {
            "x": 32,
            "y": 32
        },
        "trigger": true
    },
    "damage": {
        "value": 1,
        "destroyOnCollide": true
    },
    "animations": {
        "anim1": {
            "name": "shoot",
            "loop": false,
            "startIndex": 0,
            "endIndex": 2,
            "speed": 0.2,
            "nextAnim": "idle"
        },
        "anim2": {
            "name": "idle",
            "loop": true,
            "startIndex": 2,
            "endIndex": 2,
            "speed": 1
        }
    }
}