{
    "name": "enemy",
    "pos": {
        "x": 900,
        "y": 400
    },
    "speed": {
        "x": 80,
        "y": 80
    },
    "velocity": {
        "x": 0,
        "y": 0
    },
    "sprite": {
        "src": "images/small_enemy_red_spaceship.png",
        "layer": 1,
        "dim": {
            "x": 66,
            "y": 72
        },
        "nbSprite": {
            "x": 16,
            "y": 1
        },
        "index": {
            "x": 0,
            "y": 0
        }
    },
    "collider": {
        "layer": 2,
        "collidingLayers": [0],
        "offset": {
            "x" : 5,
            "y" : 5
        },
        "dim": {
            "x": 50,
            "y": 50
        },
        "trigger": true
    },
    "health": {
        "value": 1
    },
    "damage": {
        "value": 1,
        "destroyOnCollide": false
    },
    "enemy": "assets/objects/data/enemyData.json",
    "animations": {
        "anim1": {
            "name": "moveLeft",
            "loop": true,
            "startIndex": 0,
            "endIndex": 7,
            "speed": 0.2
        }
    }
}