{
    "states": {
        "state1": {
            "time": 1.3,
            "velocity": {
                "x": 0,
                "y": -1
            }
        },
        "state2": {
            "time": 1.3,
            "velocity": {
                "x": 0,
                "y": 1
            }
        }
    },
    "shoot": {
        "shootInterval": 1,
        "bulletPath": "assets/objects/prefabs/bossBullet.json"
    },
    "score": 50,
    "spawnPos": {
        "minY": 100,
        "maxY": 100,
        "x": 550
    }
}