{
    "states": {
        "state1": {
            "time": 1,
            "velocity": {
                "x": -1,
                "y": 0
            }
        },
        "state2": {
            "time": 1,
            "velocity": {
                "x": -1,
                "y": 1
            }
        },
        "state3": {
            "time": 1,
            "velocity": {
                "x": -1,
                "y": -1
            }
        }
    },
    "score": 2,
    "spawnPos": {
        "minY": 20,
        "maxY": 400,
        "x": 1000
    }
}