{
    "wave1": {
        "length": 15,
        "spawnInterval": 1,
        "enemies": {
            "enemy1": {
                "chance": 100,
                "src": "assets/objects/prefabs/enemy.json"
            }
        }
    },
    "wave2": {
        "length": 30,
        "spawnInterval": 2,
        "enemies": {
            "enemyRobot": {
                "chance": 30,
                "src": "assets/objects/prefabs/enemyRobot.json"
            },
            "smallEnemy": {
                "chance": 70,
                "src": "assets/objects/prefabs/enemy.json"
            }
        }
    },
    "wave3": {
        "length": 10,
        "spawnInterval": 11,
        "enemies": {
            "enemyBoss": {
                "chance": 100,
                "src": "assets/objects/prefabs/enemyBoss.json"
            }
        }
    }
}